PolicyHolder,c-1234567,Oliver Twist,c-1234568
Dependent,c-1234568,Emily Bronte,
PolicyHolder,c-1234569,Victor Hugo,c-1234570
Dependent,c-1234570,Harper Lee,
PolicyHolder,c-1234571,Mark Twain,c-1234572
Dependent,c-1234572,Jane Austen,
PolicyHolder,c-1234573,Charles Dickens,c-1234574
Dependent,c-1234574,Louisa May Alcott,
PolicyHolder,c-1234575,Ernest Hemingway,c-1234576
Dependent,c-1234576,Charlotte Bronte,
PolicyHolder,c-1234577,Leo Tolstoy,c-1234578
Dependent,c-1234578,Agatha Christie,
PolicyHolder,c-1234579,George Orwell,c-1234580
Dependent,c-1234580,Mary Shelley,
PolicyHolder,c-1234581,Arthur Conan Doyle,
